{
  "params": [
    -1.3585896156671162,
    -0.5199133746832891,
    0.569971241553852,
    0.4896139905244333,
    0.8423338643913517,
    0.3966082687451734,
    1.1224126634445166,
    0.6879745101292092,
    1.1718231113960023,
    -0.24927827614449904,
    -0.8203146734749529,
    0.870881975124172,
    1.8967393455467534,
    0.8448754781294064,
    -0.7854325501405564,
    -0.6931538717979121,
    -0.24587555526292432,
    0.425737722384553,
    -1.6236176535926616,
    0.955324366252467,
    -0.45576041845870285,
    0.5397004381859266,
    0.26759159820492323,
    -0.7483819341838828,
    -1.5993992821154808,
    0.566804066068099,
    0.9085969234908757,
    1.312078069537958,
    0.1484398398414633,
    -1.0683146990963295,
    2.143513606133138,
    0.6551573321218157,
    -0.7870937677815457,
    -0.7907023069459759,
    0.49163826822879075,
    0.5952454438887361,
    1.8406542421545034,
    -0.4470795186743845,
    1.5710395510025565,
    0.10599531912389558,
    1.7997222476818855,
    0.28204124340398223,
    -0.8772087283695968,
    -0.09392086819460316,
    1.7990416665242583,
    1.3196646032007788,
    -0.3333918141989021,
    -0.3410415341908982
  ],
  "cost": 0.01808272435131486,
  "overlap": 0.9819172756486851,
  "n_qubits": 6,
  "n_layers": 8
}